,Factors,Coefficient
0,CIDR,0.8800615300747623
1,BTA-RATIO,-0.898411048159182
2,GNPASTA,-0.8504771689823211
3,NNPASTA,-0.8572636310800821
